<interface name="org.gtk.Actions">
    <!-- Functions -->
    <method name="List">
        <arg type="as" name="list" direction="out" />
    </method>
    <method name="Describe">
        <arg type="s" name="action_name" direction="in" />
        <arg type="(bgav)" name="description" direction="out" />
    </method>
    <method name="DescribeAll">
        <arg type="a{s(bgav)}" name="descriptions" direction="out" />
    </method>
    <method name="Activate">
        <arg type="s" name="action_name" direction="in" />
        <arg type="av" name="parameter" direction="in" />
        <arg type="a{sv}" name="platform_data" direction="in" />
    </method>
    <method name="SetState">
        <arg type="s" name="action_name" direction="in" />
        <arg type="v" name="value" direction="in" />
        <arg type="a{sv}" name="platform_data" direction="in" />
    </method>

    <!-- Signals -->
    <signal name="Changed">
        <arg type="as" name="removals" />
        <arg type="a{sb}" name="enable_changes" />
        <arg type="a{sv}" name="state_changes" />
        <arg type="a{s(bgav)}" name="additions" />
    </signal>
</interface>
