{
   "shell-version": ["3.18", "3.20", "3.22", "3.24"],
   "uuid": "gnomeGlobalAppMenu@lestcape",
   "website": "https://github.com/lestcape/Gnome-Global-AppMenu",
   "contributors": "Lester Carballo P\u00e9rez",
   "comments": "This is a Gnome Shell extension to provide a global application menu integration on the Gnome Shell desktop enviroment",
   "version": "0.7-Beta",
   "name": "Gnome Global Application Menu",
   "description": "A Gnome Shell extension to provide a global application menu."
}
